{"frameRate":20,"armature":[{"skin":[{"name":"","slot":[{"display":[{"userEdges":[],"edges":[0,1,1,2,2,3,3,4,4,5,5,6,6,7,7,8,8,9,9,10,10,11,11,0],"weights":[1,0,1,3,2,0.68,9,0.06,0,0.26,2,2,0.7697644327613464,9,0.23023556723865368,2,9,0.5108292154122644,2,0.4891707845877355,2,9,0.8355885093473318,2,0.16441149065266816,2,9,0.9377208036059091,2,0.06227919639409069,2,9,0.9472672577001072,2,0.05273274229989259,2,9,0.9203042189137745,2,0.07969578108622555,2,9,0.5461518678779405,2,0.4538481321220596,2,2,0.7234100595245646,9,0.27658994047543534,3,2,0.65,9,0.09,0,0.26,1,0,1],"vertices":[-3.5,-12,-3.5,-7.95,-3.5,-3.35,-3.5,2.4,-2.3,8,-1.4,12,3.5,12,3,7.85,3.5,2.4,3.5,-2.65,3.5,-7.3,1.65,-12],"triangles":[11,1,10,1,2,10,10,2,9,2,3,9,4,7,8,3,4,8,9,3,8,7,5,6,4,5,7,0,1,11],"uvs":[0,0,0,0.16875,0,0.36042,0,0.6,0.17143,0.83333,0.3,1,1,1,0.92857,0.82708,1,0.6,1,0.38958,1,0.19583,0.73571,0],"slotPose":[1,0,0,1,44,-37],"type":"mesh","transform":{"y":-37,"x":44},"bonePose":[0,1,0,0,1,0,0,2,0.07091108816852766,0.9974826402372902,-0.9974826402372902,0.07091108816852766,43.7,-45.7,9,0.07711772330185566,0.9970219941168492,-0.9970219941168492,0.07711772330185566,44.45,-35.15],"width":7,"height":24,"name":"4_denglong1"}],"name":"4_denglong1"},{"display":[{"userEdges":[],"edges":[0,1,1,3,3,2,2,0],"weights":[1,0,1,1,0,1,1,0,1,1,0,1],"vertices":[-128.5,-151,128.5,-151,-128.5,151,128.5,151],"triangles":[1,0,3,0,2,3],"uvs":[0,0,1,0,0,1,1,1],"slotPose":[1,0,0,1,11,58],"type":"mesh","transform":{"y":58,"x":11},"bonePose":[0,1,0,0,1,0,0],"width":257,"height":302,"name":"4_jianzhu"}],"name":"4_jianzhu"},{"display":[{"userEdges":[],"edges":[0,1,1,2,2,3,3,4,4,5,5,6,6,7,7,8,8,9,9,10,10,11,11,12,12,13,13,14,14,15,15,16,16,17,17,18,18,0],"weights":[1,0,1,1,0,1,1,0,1,1,0,1,4,3,0.03954767288721961,10,0.8675677668029297,12,0.05337795823333003,8,0.0395066020765207,4,10,0.8980385019715582,12,0.07054381411922958,8,0.015964078094780294,11,0.015453605814431844,4,10,0.48906378520168586,12,0.4784931877010043,14,0.02321982778816949,11,0.009223199309140452,4,12,0.6922374490568058,14,0.21854522417337463,10,0.07648233322787136,13,0.012734993541948294,4,14,0.790793528084928,12,0.173159097646724,10,0.02111717771223165,13,0.014930196556116576,4,14,0.9298070792809756,12,0.041284803187464275,13,0.0167149632281441,10,0.01219315430341594,4,14,0.9811751013468611,12,0.010113823607824313,13,0.005796082903892967,10,0.0029149921414214582,4,14,0.3717161828934024,13,0.35980251092550586,12,0.17336199239615074,11,0.095119313784941,4,13,0.9396976682410432,11,0.03375288804218661,14,0.013988626729299007,12,0.012560816987471184,4,13,0.8451374425875565,11,0.1265196702137249,8,0.01581618606944346,12,0.01252670112927531,4,11,0.5436826872893394,13,0.4204335526361652,8,0.0277960167655716,12,0.008087743308923753,4,3,0.0190272425464439,11,0.6368039203413378,8,0.2997745839533968,13,0.044394253158821506,4,3,0.11185762120011154,8,0.743759148988419,11,0.127395650052366,13,0.01698757975910334,4,3,0.5830723878138572,8,0.3834909909935528,11,0.023031413680225987,10,0.010405207512364217,1,0,1,4,3,0.2979777658086672,8,0.3277090517313505,10,0.2363727384716147,11,0.13794044398836747,4,11,0.271045506315806,10,0.26176789656385957,12,0.23873347620152296,8,0.2284531209188116,4,12,0.27489698186658756,14,0.261585861693145,13,0.2541391994537599,11,0.20937795698650755],"vertices":[-11,-27.5,-7.6,-27.5,0.05,-24.15,11,-19.5,11,-12.9,11,-5.35,11,2.75,11,10.9,11,19.65,11,27.45,7.16,27.46,-0.35,23.8,-11,21.05,-11,14.45,-11,7.6,-11,0,-11,-7.8,-11,-15.6,-11,-21.9,-0.6,-11.15,-0.2,1.15,0,12.85],"triangles":[11,10,8,21,11,8,6,20,7,20,21,7,21,8,7,2,19,3,8,10,9,3,19,4,20,6,5,4,19,5,19,20,5,19,16,20,16,15,20,15,14,20,13,12,11,1,18,2,17,19,2,18,17,2,20,14,21,14,13,21,13,11,21,17,16,19,0,18,1],"uvs":[0,0,0.15455,0,0.50227,0.06091,1,0.14545,1,0.26545,1,0.40273,1,0.55,1,0.69818,1,0.85727,1,0.99909,0.79318,0.99909,0.44773,0.92273,0,0.88273,0,0.76273,0,0.63818,0,0.5,0,0.35818,0,0.21636,0,0.10182,0.47273,0.29727,0.49091,0.52091,0.5,0.73364],"slotPose":[1,0,0,1,10,-12],"type":"mesh","transform":{"y":-12,"x":10},"bonePose":[3,-0.025171877577777405,0.9996831380888692,-0.9996831380888692,-0.025171877577777405,2,-38.8,8,-0.017541160386140366,0.9998461420100132,-0.9998461420100132,-0.017541160386140366,1.65,-25.549999999999997,11,-0.00904940319739886,0.99995905331257,-0.99995905331257,-0.00904940319739886,1.4500000000000002,-14.150000000000002,13,6.245004513516506e-17,1,-1,6.245004513516506e-17,1.35,-3.1000000000000014,4,-0.030873306744299337,0.9995233058466784,-0.9995233058466784,-0.030873306744299337,18.85,-33.8,10,-0.011362902728826807,0.9999354401367996,-0.9999354401367996,-0.011362902728826807,18.45,-21.65,12,-0.008888537743716281,0.9999604961681128,-0.9999604961681128,-0.008888537743716281,18.4,-8.45,14,6.071532165918825e-17,1,-1,6.071532165918825e-17,18.3,2.8000000000000007,0,1,0,0,1,0,0],"width":22,"height":55,"name":"4_qizi"}],"name":"4_qizi"},{"display":[{"userEdges":[],"edges":[0,1,1,2,2,3,3,4,4,5,5,6,6,7,7,8,8,9,9,0],"weights":[1,0,1,3,5,0.59,6,0.08,0,0.33,2,5,0.5116372613229536,6,0.4883627386770463,2,6,0.8407040034618422,5,0.1592959965381578,2,6,0.9748006403386552,5,0.025199359661344924,2,6,0.962114866703396,5,0.03788513329660415,2,6,0.8750282983012871,5,0.12497170169871293,2,6,0.5104512299675398,5,0.4895487700324603,3,5,0.59,6,0.08,0,0.33,1,0,1],"vertices":[-3.5,-12,-3.5,-6.7,-3.5,0.95,-2,7.2,-0.45,12,3.5,12,3.5,7.1,3.5,1.45,3.5,-7,2.15,-12],"triangles":[9,1,8,1,2,8,8,2,7,2,3,7,7,3,6,3,4,6,6,4,5,0,1,9],"uvs":[0,0,0,0.22083,0,0.53958,0.21429,0.8,0.43571,1,1,1,1,0.79583,1,0.56042,1,0.20833,0.80714,0],"slotPose":[1,0,0,1,-22,-45],"type":"mesh","transform":{"y":-45,"x":-22},"bonePose":[0,1,0,0,1,0,0,5,0.05181708733931894,0.998656592357788,-0.998656592357788,0.05181708733931894,-22.1,-54,6,0.0822446933519263,0.9966121664998112,-0.9966121664998112,0.0822446933519263,-21.55,-43.39999999999999],"width":7,"height":24,"name":"4_denglong3"}],"name":"4_denglong3"},{"display":[{"type":"image","name":"4_yun","transform":{"y":160,"x":14}}],"name":"4_yun"},{"display":[{"userEdges":[],"edges":[0,1,1,2,2,3,3,4,4,5,5,6,6,7,7,8,8,9,9,0],"weights":[1,0,1,2,1,0.8950654022774497,7,0.10493459772255032,2,1,0.6360397726841174,7,0.36396022731588257,2,1,0.2450245688575432,7,0.7549754311424568,2,1,0.02124004567975911,7,0.9787599543202408,2,1,0.09833839766712824,7,0.9016616023328716,2,1,0.31708623043554696,7,0.6829137695644532,2,1,0.6324002206638144,7,0.3675997793361856,2,1,0.8697238434474552,7,0.13027615655254474,1,0,1],"vertices":[-3.5,-11.5,-3.5,-7.1,-3.5,-1.1,-2.75,4.7,-1.45,11.5,3.5,11.5,3.5,4.85,3.5,-1.5,3.5,-7.35,1.95,-11.5],"triangles":[9,1,8,2,3,7,8,1,7,1,2,7,7,3,6,3,4,6,6,4,5,0,1,9],"uvs":[0,0,0,0.1913,0,0.45217,0.10714,0.70435,0.29286,1,1,1,1,0.71087,1,0.43478,1,0.18043,0.77857,0],"slotPose":[1,0,0,1,17,-31],"type":"mesh","transform":{"y":-31,"x":17},"bonePose":[1,0.009301923127229564,0.9999567361771884,-0.9999567361771884,0.009301923127229564,16.7,-40.05,7,0.010525732662542689,0.9999446029415412,-0.9999446029415412,0.010525732662542689,16.8,-29.29999999999999,0,1,0,0,1,0,0],"width":7,"height":23,"name":"4_denglong2"}],"name":"4_denglong2"}]}],"type":"Armature","frameRate":20,"slot":[{"color":{},"name":"4_jianzhu","parent":"root"},{"z":1,"color":{},"name":"4_qizi","parent":"root"},{"z":2,"color":{},"name":"4_denglong3","parent":"root"},{"z":3,"color":{},"name":"4_denglong2","parent":"root"},{"z":4,"color":{},"name":"4_denglong1","parent":"root"},{"z":5,"color":{},"name":"4_yun","parent":"root"}],"defaultActions":[{"gotoAndPlay":"stand_2"}],"animation":[{"frame":[],"slot":[],"playTimes":0,"ffd":[],"duration":48,"name":"stand_2","bone":[{"frame":[{"tweenEasing":null,"duration":48,"transform":{}}],"name":"root"},{"frame":[{"duration":4,"transform":{"skX":6.0594,"skY":6.0594},"curve":[0,0,0.5,1]},{"duration":24,"transform":{"skX":8.09,"skY":8.09},"curve":[0.5,0,0.5,1]},{"duration":20,"transform":{"skX":-4.0939,"skY":-4.0939},