{"frameRate":30,"armature":[{"defaultActions":[{"gotoAndPlay":"10027_7"}],"aabb":{"width":68,"y":-81,"height":162,"x":-34},"type":"Armature","frameRate":30,"skin":[{"name":"","slot":[{"display":[{"width":42,"type":"mesh","vertices":[-21,-35,21,-35,-21,35,21,35],"transform":{"y":-0.7333,"skX":-91.4828,"skY":-91.4828,"x":32.1918},"triangles":[1,0,3,0,2,3],"userEdges":[],"uvs":[0,0,1,0,0,1,1,1],"height":70,"name":"jinjiazi","edges":[0,1,1,3,3,2,2,0]}],"name":"jinjiazi"},{"display":[{"width":68,"type":"mesh","vertices":[-34,-81,34,-81,-34,81,34,81],"transform":{},"triangles":[1,0,3,0,2,3],"userEdges":[],"uvs":[0,0,1,0,0,1,1,1],"height":162,"name":"jiazi","edges":[0,1,1,3,3,2,2,0]}],"name":"jiazi"},{"display":[{"uvs":[0.75714,0,0.88929,0.10882,0.98571,0.28971,1,0.47647,1,0.67353,1,0.82206,0.80714,0.87353,0.63214,0.94265,0.5,1,0.27143,1,0.16071,0.93971,0.05357,0.82353,0,0.69559,0,0.49853,0,0.33824,0,0.17941,0,0],"weights":[3,4,0.6822030954798917,5,0.252491011506876,6,0.06530589301323224,3,4,0.5019237620827277,5,0.4065319332219141,6,0.09154430469535824,3,4,0.3855854340191207,5,0.43627160464692305,6,0.17814296133395624,3,4,0.1581062828969061,5,0.4357193914397035,6,0.40617432566339046,3,4,0.0896008060899023,6,0.5662830713711662,5,0.34411612253893153,3,4,0.07053510281360585,6,0.7226235152199386,5,0.2068413819664555,3,4,0.02745811335889103,6,0.8914706025729894,5,0.08107128406811956,3,4,0.006259455117740107,6,0.9770436611641553,5,0.016696883718104693,3,4,0.015524865962742263,6,0.946853224841873,5,0.03762190919538479,3,4,0.03201602776275307,6,0.8932679664786888,5,0.07471600575855812,3,4,0.04210225638686426,6,0.8552101047176295,5,0.10268763889550626,3,4,0.07668127843856505,6,0.7171313833970422,5,0.20618733816439289,3,4,0.11269494557787665,6,0.5589410593705891,5,0.32836399505153435,3,4,0.1928495221979598,6,0.40432838777728314,5,0.40282209002475705,3,4,0.36705313337565865,5,0.40317642252425234,6,0.22977044410008904,3,4,0.536403283378315,5,0.35448573131475325,6,0.10911098530693183,3,4,0.7887113780969393,5,0.15772676507114589,6,0.053561856831914834],"vertices":[3.6,-17,5.45,-13.3,6.8,-7.15,7,-0.8,7,5.9,7,10.95,4.3,12.7,1.85,15.05,0,17,-3.2,17,-4.75,14.95,-6.25,11,-7,6.65,-7,-0.05,-7,-5.5,-7,-10.9,-7,-17],"edges":[0,1,1,2,2,3,3,4,4,5,5,6,6,7,7,8,8,9,9,10,10,11,11,12,12,13,13,14,14,15,15,16,16,0],"userEdges":[],"type":"mesh","transform":{"y":0.7135,"skX":-91.0416,"skY":-91.0416,"x":-0.7372},"triangles":[1,15,2,2,14,3,14,13,3,6,5,4,12,6,4,3,13,4,13,12,4,15,14,2,12,11,6,0,15,1,11,7,6,16,15,0,10,8,7,11,10,7,10,9,8],"width":14,"slotPose":[1,-4.5102810375396984e-17,4.5102810375396984e-17,1,-4.999999999999991,-0.9999999999999876],"height":34,"name":"weiba","bonePose":[4,0.2730813039359844,0.961990957047218,-0.961990957047218,0.2730813039359844,-7,-17.35,5,0.04939019799396305,0.9987795594334704,-0.9987795594334704,0.04939019799396305,-4.65,-9.45,6,-0.018178813667514962,0.9998347517133228,-0.9998347517133228,-0.018178813667514962,-4.300000000000001,-0.24999999999999822]}],"name":"weiba"},{"display":[{"uvs":[0.44286,0,0.43393,0.10556,0.39821,0.15972,0.59107,0.22222,0.74643,0.35417,0.88214,0.50694,0.95357,0.6375,1,0.7125,1,0.85833,0.75536,0.85,0.66429,0.7875,0.5875,0.82917,0.61429,1,0.34286,0.99583,0.125,0.84583,0.09821,0.73194,0.16429,0.61667,0.12857,0.43889,0.09821,0.36389,0,0.3625,0,0.125,0.125,0.07222,0.20714,0.03056,0.22857,0],"weights":[1,3,1,1,3,1,2,2,0.27840325113968367,3,0.7215967488603162,1,2,1,1,2,1,1,2,1,1,2,1,1,2,1,1,2,1,1,2,1,1,2,1,1,2,1,1,2,1,1,2,1,1,2,1,1,2,1,1,2,1,1,2,1,2,2,0.66,3,0.34,1,3,1,1,3,1,1,3,1,1,3,1,1,3,1],"vertices":[-1.6,-18,-1.85,-14.2,-2.85,-12.25,2.55,-10,6.9,-5.25,10.7,0.25,12.7,4.95,14,7.65,14,12.9,7.15,12.6,4.6,10.35,2.45,11.85,3.2,18,-4.4,17.85,-10.5,12.45,-11.25,8.35,-9.4,4.15,-10.4,-2.2,-11.25,-4.9,-14,-4.95,-14,-13.5,-10.5,-15.4,-8.2,-16.9,-7.6,-18],"edges":[0,1,1,2,2,3,3,4,4,5,5,6,6,7,7,8,8,9,9,10,10,11,11,12,12,13,13,14,14,15,15,16,16,17,17,18,18,19,19,20,20,21,21,22,22,23,23,0],"userEdges":[],"type":"mesh","transform":{"y":14.4193,"skX":47.8624,"skY":47.8624,"x":-1.1812},"triangles":[9,8,7,6,9,7,5,10,6,10,9,6,4,10,5,3,17,4,17,16,4,16,10,4,16,11,10,2,17,3,11,13,12,16,15,11,15,14,11,14,13,11,18,17,2,22,2,1,0,23,1,23,22,1,22,21,2,21,18,2,21,20,18,20,19,18],"width":28,"slotPose":[1,0,0,1,-10.999999999999996,-17.999999999999993],"height":36,"name":"niao","bonePose":[2,0.6211489158016268,0.7836925573198099,-0.7836925573198099,0.6211489158016268,-17.75,-24.95,3,0.6709133239691265,-0.7415357791237709,0.7415357791237709,0.6709133239691265,-20.9,-28.55]}],"name":"niao"}]}],"ik":[],"bone":[{"name":"root","transform":{}},{"length":36,"transform":{"y":-58.2,"skX":91.4828,"skY":91.4828,"x":-7.9},"parent":"root","name":"jinjiazi"},{"length":17,"transform":{"y":8.9863,"skX":-39.8829,"skY":-39.8829,"x":33.4938},"parent":"jinjiazi","name":"niao"},{"length":7,"transform":{"y":0.2325,"skX":-99.4623,"skY":-99.4623,"x":-4.7779},"parent":"niao","name":"niao1"},{"length":8,"transform":{"y":-3.704,"skX":22.5524,"skY":22.5524,"x":12.6334},"parent":"niao","name":"weiba"},{"length":9,"transform":{"y":-0.1033,"skX":13.0167,"skY":13.0167,"x":8.2415},"parent":"weiba","name":"weiba1"},{"length":13,"transform":{"y":0.1048,"skX":3.8726,"skY":3.8726,"x":9.2061},"parent":"weiba1","name":"weiba2"}],"animation":[{"duration":180,"frame":[],"ffd":[],"playTimes":0,"bone":[{"frame":[{"duration":180,"tweenEasing":null,"transform":{}}],"name":"root"},{"frame":[{"duration":20,"transform":{"skX":0.409,"skY":0.409},"curve":[0.5,0,0.5,1]},{"duration":20,"transform":{"skX":-5.1147,"skY":-5.1147},"curve":[0.5,0,0.5,1]},{"duration":20,"transform":{"skX":0.409,"skY":0.409},"curve":[0.5,0,0.5,1]},{"duration":20,"transform":{"skX":-3.6325,"skY":-3.6325},"curve":[0.5,0,0.5,1]},{"duration":80,"transform":{"skX":-1.5422,"skY":-1.5422},"curve":[0.5,0,0.5,1]},{"duration":20,"transform":{"skX":-1.5422,"skY":-1.5422},"curve":[0.5,0,0.5,1]},{"duration":0,"tweenEasing":null,"transform":{"skX":0.409,"skY":0.409}}],"name":"jinjiazi"},{"frame":[{"duration":20,"transform":{"skX":0.8214,"skY":0.8214},"curve":[0.5,0,0.5,1]},{"duration":20,"transform":{"y":-2.8572,"skX":8.3927,"skY":8.3927,"x":0.341},"curve":[0.5,0,0.5,1]},{"duration":20,"transform":{"skX":0.8214,"skY":0.8214},"curve":[0.5,0,0.5,1]},{"duration":20,"transform":{"y":-1.5542,"skX":4.377,"skY":4.377,"x":0.6609},"curve":[0.5,0,0.5,1]},{"duration":80,"transform":{"y":-0.5524,"skX":1.8335,"skY":1.8335,"x":0.8392},"curve":[0.5,0,0.5,1]},{"duration":20,"transform":{"y":-0.5524,"skX":1.8335,"skY":1.8335,"x":0.8392},"curve":[0.5,0,0.5,1]},{"duration":0,"tweenEasing":null,"transform":{"skX":0.8214,"skY":0.8214}}],"name":"niao"},{"frame":[{"duration":20,"transform":{"skX":-9.6815,"skY":-9.6815},"curve":[0.5,0,0.5,1]},{"duration":20,"transform":{"skX":-9.1208,"skY":-9.1208},"curve":[0.5,0,0.5,1]},{"duration":20,"transform":{"skX":-9.6815,"skY":-9.6815},"curve":[0.5,0,0.5,1]},{"duration":20,"transform":{"skX":-5.4602,"skY":-5.4602},"curve":[0.5,0,0.5,1]},{"duration":29,"transform":{"skX":-2.0606,"skY":-2.0606},"curve":[0.5,0,0.5,1]},{"duration":2,"transform":{"skX":-2.0606,"skY":-2.0606},"curve":[0.5,0,0.5,1]},{"duration":3,"transform":{"skX":-1.2869,"skY":-1.2869},"curve":[0.5,0,0.5,1]},{"duration":46,"transform":{"skX":-2.0606,"skY":-2.0606},"curve":[0.5,0,0.5,1]},{"duration":20,"transform":{"skX":-2.0606,"skY":-2.0606},"curve":[0.5,0,0.5,1]},{"duration":0,"tweenEasing":null,"transform":{"skX":-9.6815,"skY":-9.6815}}],"name":"weiba"},{"frame":[{"duration":20,"transform":{"skX":-6.8237,"skY":-6.8237},"curve":[0.5,0,0.5,1]},{"duration":20,"transform":{"skX":4.8976,"skY":4.8976},"curve":[0.5,0,0.5,1]},{"duration":20,"transform":{"skX":-6.8237,"skY":-6.8237},"curve":[0.5,0,0.5,1]},{"duration":20,"transform":{"skX":-1.9997,"skY":-1.9997},"curve":[0.5,0,0.5,1]},{"duration":29,"transform":{"skX":-3.9843,"skY":-3.9843},"curve":[0.5,0,0.5,1]},{"duration":2,"transform":{"skX":-3.9843,"skY":-3.9843},"curve":[0.5,0,0.5,1]},{"duration":3,"transform":{"skX":-2.53,